id,title,subtitle,category,moments,url,content
1,A la cena del Cordero,Himno lat. «Ad cenam Agni providi»,Eleccion,"Pascua,Pentecostés,Entrada,",/resucito/src/index.html?canto=alacenadelcordero.html,A la cena del Cordero, vestido de blanco, nos acercamos. Cristo, nuestra Pascua, ha sido inmolado. Su sangre nos redime, su cuerpo nos alimenta. Aleluya.
2,A la víctima pascual,Secuencia de Pascua - Himno lat. «Victimae paschall laudes» ,Precatecumenado,"Pascua,Pentecostés,Comunión",/resucito/src/index.html?canto=alavictimapascual,A la víctima pascual, ofrecemos hoy el sacrificio de alabanza. El cordero ha redimido el rebaño, el inocente ha reconciliado los pecadores al Padre. Muerte y vida se han enfrentado en un prodigioso duelo: el Señor de la Vida estaba muerto, mas ahora está vivo y triunfa. Dinos tú, María: ¿qué has visto en el camino?, «La tumba de Cristo vacía, la Gloria del Señor y vivo Cristo, los ángeles, las vendas y el sudario». Porque Cristo, mi esperanza, ¡ha resucitado! Y nos precede en Galilea, y nos precede en Galilea. Sí que es cierto, Cristo ha resucitado. Sí que es cierto, Cristo ha resucitado. Y nos precede en Galilea, y nos precede en Galilea. Tú, Rey victorioso, danos tú la salvación.
3,A nadie demos ocasión de tropiezo,2ª Corintios 6,3ss,Precatecumenado,Nuevo Testamento,/resucito/src/index.html?canto=anadiedemosocasiondetropiezo,Hermanos, a nadie demos ocasión de tropiezo, hermanos, vivamos aceptando las tribulaciones, necesidades, angustias y fatigas; viviendo en pureza, paciencia y bondad; en el Espíritu Santo, y en el poder de Dios; con las armas de la justicia, las de la derecha y las de la izquierda. En calumnias y en buena fama, en gloria e ignominia, como pobres, aunque enriqueciendo a muchos; como quienes nada tienen, aunque lo poseemos todo.
4,A ti levanto mis ojos,Salmo 123 (122),Precatecumenado,"Cuaresma,Antiguo Testamento",/resucito/src/html/atlmos.html?canto=atilevantomisojos,A ti levanto mis ojos, a ti que habitas en el cielo. Como los ojos de los siervos miran a las manos de sus señores, como los ojos de la esclava a las manos de su señora, así nuestros ojos miran al Señor, esperando que tenga piedad, esperando que tenga piedad. ¡Piedad de nosotros, Señor! ¡Piedad de nosotros, Señor! ¡Que demasiado se han burlado de nosotros, que nuestra alma está saciada de desprecios! ¡De las burlas de los satisfechos, del desprecio de los soberbios! ¡Piedad de nosotros, Señor! ¡Piedad de nosotros, Señor! A ti levanto mis ojos.
5,A ti, Señor, en mi clamor imploro,Salmo 142 (141),Precatecumenado,"Cuaresma,Antiguo Testamento",/resucito/src/index.html?canto=atisenorenmiclamorimploro.html,A ti, Señor, en mi clamor imploro, sácame de la prisión. Escucha mi voz, atiende a mi súplica. En la angustia te invoco, mi refugio eres tú. Líbrame de los que me persiguen, porque son más fuertes que yo.
6,A ti, Señor, levanto mi alma,Salmo 25 (24),Precatecumenado,"Cuaresma,Antiguo Testamento",/resucito/src/index.html?canto=atisenorlevantomialma.html,A ti, Señor, levanto mi alma. Dios mío, en ti confío, no quede yo defraudado. No se rían de mí mis enemigos, pues los que esperan en ti no quedan defraudados.
7,A ti, Señor, se debe la alabanza en Sión,Salmo 65 (64),Precatecumenado,"Cuaresma,Laudes,Antiguo Testamento",/resucito/src/index.html?canto=atisenorsedebelaalabanzaension.html,A ti, Señor, se debe la alabanza en Sión. A ti se cumplen los votos. Tú escuchas la oración. A ti acude todo mortal. Las iniquidades nos abruman, pero tú perdonas nuestros pecados.
8,Abbá, Padre,Romanos 8,15–17,Precatecumenado,"Laudes/Visperas,Comunión,Nuevo Testamento",/resucito/src/index.html?canto=abbapadre.html,Abbá, Padre, no hemos recibido un espíritu de esclavitud para recaer en el temor, sino un espíritu de hijos adoptivos que nos hace exclamar: ¡Abbá, Padre! El Espíritu mismo da testimonio a nuestro espíritu de que somos hijos de Dios.
9,Abraham,Génesis 18,1–5 – Teofanía de Mambré,Precatecumenado,"Laudes/Visperas,Entrada,Antiguo Testamento",/resucito/src/index.html?canto=abraham.html,Abraham, Abraham, ¿dónde estás? Aquí estoy, Señor. Abraham, Abraham, sal de tu tierra y de tu parentela, y vete a la tierra que yo te mostraré. Y haré de ti una gran nación, y te bendeciré, y engrandeceré tu nombre, y serás bendición.
10,Aclamaciones a la oración de los fieles,Respuestas a las oraciones de los fieles, Modelo I, II, III, IV,Liturgia,"Laudes/Visperas,Final,Antiguo Testamento",/resucito/src/index.html?canto=aclamacionesalaoraciondelosfieles.html,Aclamaciones a la oración de los fieles. Escúchanos, Señor. Te rogamos, óyenos. Amén.
11,Aclamad al Señor,Salmo 100 (99),Precatecumenado,Pascua,/resucito/src/index.html?canto=aclamadalsenor.html,Aclamad al Señor, tierra entera, servid al Señor con alegría, entrad en su presencia con vítores. Sabed que el Señor es Dios, él nos hizo y suyos somos, su pueblo y ovejas de su rebaño.
12,Adónde te escondiste, Amado,Cántico espiritual (San Juan de la Cruz) ,Eleccion,"Cuaresma,Laudes,Antiguo Testamento",/resucito/src/index.html?canto=adondeteescondisteamado.html,Adónde te escondiste, Amado, y me dejaste con gemido? Como el ciervo huiste, habiéndome herido; salí tras ti clamando, y eras ido.
13,Al despertar,Salmo 17 (16) ,Precatecumenado,"Laudes/Visperas,Antiguo Testamento",/resucito/src/index.html?canto=aldespertar.html,Al despertar, me saciaré de tu semblante. Escucha, Señor, mi justa causa; atiende a mi clamor, presta oído a mi oración, que no es de labios engañosos.
14,Alabad al Señor en el cielo,Salmo 148 ,Precatecumenado,"Navidad,Niños",/resucito/src/index.html?canto=alabadalsenorenelcielo.html,Alabad al Señor en el cielo, alabadlo en las alturas. Alabadlo, todos sus ángeles; alabadlo, todos sus ejércitos.
15,Alegría, ha nacido el salvador,Villancico (Kiko Argüello),Precatecumenado,"Adviento,Navidad,Ordinario",/resucito/src/index.html?canto=alegriahanacidoelsalvador.html,Alegría, alegría, ha nacido el Salvador. En Belén ha nacido el niño Dios. Alegría, alegría, paz en la tierra. Gloria a Dios en las alturas.
16,Aleluya interleccional,Modelo I, II, III,Liturgia,Pascua,/resucito/src/index.html?canto=aleluyainterleccional.html,Aleluya, aleluya, aleluya. La palabra del Señor permanece para siempre. Aleluya.
17,Aleluya pascual,Apropiado para el tiempo Pascual,Liturgia,"Pascua,Laudes,Final,Antiguo Testamento",/resucito/src/index.html?canto=aleluyapascual.html,Aleluya pascual. Cristo ha resucitado, verdaderamente ha resucitado. Aleluya.
18,Aleluya, alabad al Señor,Salmo 150,Precatecumenado,"Pascua,Niños,Paz,Antiguo Testamento",/resucito/src/index.html?canto=aleluyaalabadalsenor.html,Aleluya, alabad al Señor en su santuario, alabadlo en el firmamento de su poder. Alabadlo por sus obras magníficas, alabadlo por su inmensa grandeza.
19,Aleluya, bendecid al Señor,Salmo 1.34 (1.33) - Melodía hebraica,Precatecumenado,"Laudes/Visperas,Comunión,Nuevo Testamento",/resucito/src/index.html?canto=aleluyabendecidalsenor.html,Aleluya, bendecid al Señor, todos los siervos del Señor, los que pasáis las noches en la casa del Señor. Alzad vuestras manos hacia el santuario y bendecid al Señor.
20,Aleluya, ya llegó el reino,Apocalipsis 19,6-9,Precatecumenado,"Entrada,Antiguo Testamento",/resucito/src/index.html?canto=aleluyayallegoelreino.html,Aleluya, ya llegó el reino de nuestro Dios y el poder de su Cristo. Porque ha sido derribado el acusador de nuestros hermanos, el que los acusaba día y noche ante nuestro Dios.
21,Alzaos, puertas,Salmo 24 (23),Precatecumenado,"Entrada,Nuevo Testamento",/resucito/src/index.html?canto=alzaospuertas.html,Alzaos, puertas, vuestros dinteles, alzaos, puertas eternas, para que entre el Rey de la gloria. ¿Quién es ese Rey de la gloria? El Señor, fuerte y valeroso, el Señor, valeroso en la batalla.
22,Amén, amén, amén,Apocalipsis 7,12-14 ,Precatecumenado,"Cuaresma,Laudes,Antiguo Testamento,",/resucito/src/index.html?canto=amenamenamen.html,Amén, amén, amén. La salvación, la gloria, la sabiduría, la acción de gracias, el honor, el poder y la fuerza son de nuestro Dios por los siglos de los siglos. Amén.
23,Amo al Señor,Salmo 116 (114-115),Precatecumenado,Cuaresma,/resucito/src/index.html?canto=amoalsenor.html,Amo al Señor, porque escucha mi voz suplicante, porque inclina su oído hacia mí cuando lo invoco. Me envolvían redes de muerte, me alcanzaban los lazos del abismo, caí en angustia y tristeza.
24,Antífona para el Evangelio,Tiempo de Cuaresma,Liturgia,"Pascua,Niños,Fracción del Fracción del Pan,Antiguo Testamento",/resucito/src/index.html?canto=antifonaparaelevangelio.html,Antífona para el Evangelio. Tu palabra, Señor, es verdad y vida. Aleluya.
25,Aquedah,Gn 22,1-19 - Del Targum Neofiti sobre el sacrificio de Isaac,Precatecumenado,"Pascua,Pentecostés,Comunión",/resucito/src/index.html?canto=aquedah.html,Aquedah. El sacrificio de Isaac. Abraham, toma a tu hijo, a tu único, a Isaac, a quien amas, y vete a la tierra de Moriah, y ofrécelo allí en holocausto sobre uno de los montes que yo te diré.
26,Así habla el amén,Ap 3,14-20,Precatecumenado,"Virgen,Nuevo Testamento",/resucito/src/index.html?canto=asihablaelamen.html,Así habla el Amén, el testigo fiel y veraz, el principio de la creación de Dios: Conozco tus obras, que ni eres frío ni caliente. ¡Ojalá fueras frío o caliente! Pero por cuanto eres tibio, y no frío ni caliente, te vomitaré de mi boca.
27,Ave María I,Lc 1,28ss,Precatecumenado,"Virgen,Final,Nuevo Testamento",/resucito/src/index.html?canto=avemariai.html,Ave María, llena eres de gracia, el Señor es contigo. Bendita tú eres entre todas las mujeres, y bendito es el fruto de tu vientre, Jesús. Santa María, Madre de Dios, ruega por nosotros pecadores, ahora y en la hora de nuestra muerte. Amén.
28,Ave María II (1984),Lc 1,28ss - 1984 ,Precatecumenado,"Cuaresma,Laudes,Antiguo Testamento",/resucito/src/index.html?canto=avemariaii.html,Ave María, llena eres de gracia, el Señor es contigo. Bendita tú eres entre todas las mujeres, y bendito es el fruto de tu vientre, Jesús. Santa María, Madre de Dios, ruega por nosotros pecadores, ahora y en la hora de nuestra muerte. Amén.
29,Babilonia criminal,Sal 137 (136),Precatecumenado,"Paz,Comunión,Final,Antiguo Testamento",/resucito/src/index.html?canto=babiloniacriminal.html,Junto a los ríos de Babilonia, allí nos sentábamos y llorábamos, acordándonos de Sión. En los sauces de sus orillas colgábamos nuestras cítaras. Allí los que nos deportaron nos pedían cantos, y nuestros opresores alegría: ¡Cantadnos un canto de Sión! ¿Cómo cantar los cantos del Señor en tierra extranjera?
30,Balaam,Nm 23,7-24,Precatecumenado,"Cuaresma,Laudes,Antiguo Testamento",/resucito/src/index.html?canto=balaam.html,Balaam. Desde Aram me ha traído Balac, el rey de Moab, desde las montañas de Oriente: Ven, maldice a Jacob; ven, condena a Israel. ¿Cómo maldeciré a quien Dios no ha maldecido? ¿Cómo condenaré a quien el Señor no ha condenado?
31,Bendeciré al Señor en todo tiempo,Sal 34 (33),Precatecumenado,"Cuaresma,Laudes,Antiguo Testamento",/resucito/src/index.html?canto=bendecirealsenorentodotiempo.html,Bendeciré al Señor en todo tiempo, su alabanza estará siempre en mi boca. Mi alma se gloría en el Señor, que lo oigan los humildes y se alegren. Engrandeced conmigo al Señor, ensalcemos juntos su nombre.
32,Bendice, alma mía, a Yahveh,Sal 103 (102),Precatecumenado,Pascua,/resucito/src/index.html?canto=bendicealmamiaayahveh.html,Bendice, alma mía, a Yahveh, y todo mi ser a su santo nombre. Bendice, alma mía, a Yahveh, y no olvides ninguno de sus beneficios. Él perdona todas tus culpas, y cura todas tus dolencias.
33,Bendición del agua,De la liturgia bautismal de la Vigilia pascual,Liturgia,,/resucito/src/index.html?canto=bendiciondelagua.html,Bendición del agua. Oh Dios, que por el agua has santificado todas las cosas y has querido que por ella naciéramos a la vida nueva en Cristo, bendice esta agua para que sea para nosotros signo de tu gracia y de nuestra purificación.
34,Bendita eres tú, María,Lucas 1,42-45,Precatecumenado,Penitencial,/resucito/src/index.html?canto=benditaerestumaria.html,Bendita eres tú, María, entre todas las mujeres, y bendito es el fruto de tu vientre, Jesús. Dichosa tú que has creído, porque lo que te ha dicho el Señor se cumplirá.
35,Bendito eres, Señor,Daniel 3,52-57,Precatecumenado,"Virgen,Entrada,Final,Nuevo Testamento",/resucito/src/index.html?canto=benditoeressenor.html,Bendito eres, Señor, Dios de nuestros padres, digno de alabanza y de gloria por los siglos. Bendito tu nombre glorioso y santo, digno de alabanza y de gloria por los siglos.
36,Bendito sea Dios,Efesios 1,3-13,Precatecumenado,"Laudes/Visperas,Antiguo Testamento",/resucito/src/index.html?canto=benditoseadios.html,Bendito sea Dios, Padre de nuestro Señor Jesucristo, que nos ha bendecido con toda bendición espiritual en los cielos, en Cristo. Él nos eligió en él antes de la creación del mundo, para que fuéramos santos e inmaculados en su presencia, en el amor.
37,Benedictus,Lucas 1,67-80,Precatecumenado,,/resucito/src/index.html?canto=benedictus.html,Benedictus. Bendito sea el Señor, Dios de Israel, porque ha visitado y redimido a su pueblo. Ha suscitado una fuerza de salvación en la casa de David, su siervo, según lo había anunciado por boca de sus santos profetas de antiguo.
38,Cantad a Dios,Salmo 67 (68) 2.4-7,Precatecumenado,"Laudes/Visperas,Nuevo Testamento",/resucito/src/index.html?canto=cantadadios.html,Cantad a Dios, cantad salmos a su nombre; abrid camino al que cabalga sobre las nubes, su nombre es Yahveh; alegraos en su presencia. Padre de huérfanos, defensor de viudas, es Dios en su santa morada.
39,Cantad al Señor,Salmo 117 (116),Precatecumenado,"Cuaresma,Laudes,Antiguo Testamento",/resucito/src/index.html?canto=cantadalsenor.html,Cantad al Señor un canto nuevo, porque ha hecho maravillas; su diestra y su santo brazo le han dado la victoria. El Señor ha dado a conocer su salvación, ha revelado su justicia a la vista de las naciones.
40,Cántico de los tres jóvenes,Daniel 3,57-58,Precatecumenado,"Laudes/Visperas,Entrada,Final,Antiguo Testamento",/resucito/src/index.html?canto=canticodelostresjovenes.html,Bendecid al Señor, todas las obras del Señor, alabadlo y ensalzadle por los siglos. Bendecid al Señor, cielos, alabadlo y ensalzadle por los siglos.
41,Canto de Moisés,Éxodo 15,1-18,Precatecumenado,"Laudes/Visperas,Antiguo Testamento",/resucito/src/index.html?canto=cantodemoises.html,Canto de Moisés. Cantaré al Señor, que se ha cubierto de gloria, arrojando en el mar caballo y jinete. Mi fuerza y mi canto es el Señor, él es mi salvación. Él es mi Dios y yo lo alabaré, el Dios de mi padre y yo lo ensalzaré.
42,Caritas Christi urget nos,2ª Corintios 5,14.15.17.21,Precatecumenado,"Pascua,Antiguo Testamento",/resucito/src/index.html?canto=caritaschristiurgetnos.html,Caritas Christi urget nos. El amor de Cristo nos apremia, al considerar que uno murió por todos, y por consiguiente todos murieron. Y murió por todos, para que los que viven no vivan ya para sí, sino para aquel que murió y resucitó por ellos.
43,Carmen 63 - (Están rotas mis ataduras ),(Rabindranath Tagore)*,Precatecumenado,Nuevo Testamento,/resucito/src/index.html?canto=carmen63.html,Están rotas mis ataduras, mi corazón es libre. La jaula se ha abierto, el pájaro ha volado. Ya no hay cadenas, ni muros, ni prisiones. Solo la inmensidad del cielo.
44,Celebración penitencial,Acción de gracias,Liturgia,Nuevo Testamento,/resucito/src/index.html?canto=celebracionpenitencial.html,Celebración penitencial. Señor, ten piedad. Cristo, ten piedad. Señor, ten piedad. Perdónanos, Señor, nuestros pecados. Danos tu paz.
45,Como condenados a muerte,1ª Corintios 4,9-13,Precatecumenado,"Pascua,Comunión",/resucito/src/index.html?canto=comocondenadosamuerte.html,Porque me parece que a nosotros, los apóstoles, Dios nos ha puesto los últimos, como condenados a muerte; pues hemos llegado a ser un espectáculo para el mundo, para los ángeles y para los hombres. Nosotros, necios por Cristo; vosotros, sabios en Cristo.
46,Como destila la miel,Oda XL de Salomón,Eleccion,"Laudes/Visperas,Entrada,Comunión",/resucito/src/index.html?canto=comodestilalamiel.html,Como destila la miel de los panales, así mi palabra destila en mi boca. Mis labios destilan mirra, y mi lengua, incienso. Porque mi amor es más dulce que el vino, y mi ungüento, más suave que el bálsamo.
47,Como el impulso que siente la ira,Oda VII de Salomón,Catecumenado,"Paz,Antiguo Testamento",/resucito/src/index.html?canto=comoelimpulsoquesientelaira.html,Como el impulso que siente la ira, así es el amor de Dios. No hay ira en él, sino compasión. No hay odio en él, sino misericordia. Porque él es amor, y en él no hay tinieblas.
48,Cómo es maravilloso,Salmo 133 (132),Precatecumenado,"Cuaresma,Laudes,Antiguo Testamento",/resucito/src/index.html?canto=comoesmaravilloso.html,¡Mirad qué bueno y qué dulce es que los hermanos vivan unidos! Es como óleo precioso derramado por la cabeza, que baja por la barba, la barba de Aarón, hasta el borde de sus vestiduras. Es como el rocío del Hermón, que baja sobre los montes de Sión. Allí el Señor envía la bendición, la vida para siempre.
49,Como la cierva,Salmo 42-43 (41-42),Precatecumenado,"Pascua,Comunión,Antiguo Testamento",/resucito/src/index.html?canto=comolacierva.html,Como la cierva busca corrientes de agua, así mi alma te busca a ti, Dios mío. Mi alma tiene sed de Dios, del Dios vivo: ¿cuándo entraré a ver el rostro de Dios?
50,Como lirio entre los cardos,Cantar de los cantares 1,13ss ,Eleccion,"Adviento,Entrada,Paz,Final,Antiguo Testamento",/resucito/src/index.html?canto=comolirioentreloscardos.html,Como lirio entre los cardos, así es mi amada entre las jóvenes. Como manzano entre los árboles del bosque, así es mi amado entre los jóvenes. A su sombra, deseada, me senté, y su fruto fue dulce a mi paladar.
51,Como oveja que ve,Kontáklon (Romano el Meloda),Precatecumenado,Fracción del Pan,/resucito/src/index.html?canto=comoovejaqueve.html,Como oveja que ve al lobo venir, y no huye, así el Señor se entregó por nosotros. Como cordero llevado al matadero, y no abre su boca, así Cristo sufrió por nuestros pecados.
52,Consolad a mi pueblo,Isaías 40,1-11 - Melodía hebraica ,Precatecumenado,,/resucito/src/index.html?canto=consoladamipueblo.html,Consolad, consolad a mi pueblo, dice vuestro Dios. Hablad al corazón de Jerusalén y gritadle que su servidumbre ha terminado, que su culpa ha sido perdonada, que ha recibido de la mano del Señor doble ración por todos sus pecados.
53,Cordero de Dios,Después de la consagración,Liturgia,Entrada,/resucito/src/index.html?canto=corderodedios.html,Cordero de Dios, que quitas el pecado del mundo, ten piedad de nosotros. Cordero de Dios, que quitas el pecado del mundo, ten piedad de nosotros. Cordero de Dios, que quitas el pecado del mundo, danos la paz.
54,Credo,Símbolo Apostólico,Liturgia,"Pascua,Laudes,Comunión,Antiguo Testamento",/resucito/src/index.html?canto=credo.html,Creo en Dios Padre Todopoderoso, Creador del cielo y de la tierra. Creo en Jesucristo, su único Hijo, nuestro Señor, que fue concebido por obra y gracia del Espíritu Santo, nació de Santa María Virgen, padeció bajo el poder de Poncio Pilato, fue crucificado, muerto y sepultado, descendió a los infiernos, al tercer día resucitó de entre los muertos, subió a los cielos y está sentado a la derecha de Dios Padre Todopoderoso. Desde allí ha de venir a juzgar a vivos y muertos. Creo en el Espíritu Santo, la santa Iglesia católica, la comunión de los santos, el perdón de los pecados, la resurrección de la carne y la vida eterna. Amén.
55,Cristo es la luz,Himno - Juan 8,12; 14,6,Precatecumenado,"Cuaresma,Entrada,Final,Antiguo Testamento",/resucito/src/index.html?canto=cristoeslaluz.html,Cristo es la luz del mundo, el que me sigue no andará en tinieblas, sino que tendrá la luz de la vida. Yo soy el camino, la verdad y la vida; nadie viene al Padre sino por mí.
56,Cuando dormía,Cantar de los Cantares 5,2ss ,Catecumenado,"Pascua,Laudes,Antiguo Testamento",/resucito/src/index.html?canto=cuandodormia.html,Yo dormía, pero mi corazón velaba. ¡La voz de mi amado que llama! Ábreme, hermana mía, amada mía, paloma mía, perfecta mía, porque mi cabeza está cubierta de rocío, mis cabellos de la humedad de la noche.
57,Cuando el Señor,Salmo 126 (125),Precatecumenado,"Pascua,Paz,Final",/resucito/src/index.html?canto=cuandoelsenor.html,Cuando el Señor hizo volver a los cautivos de Sión, nos parecía soñar. Entonces nuestra boca se llenó de risas, y nuestra lengua de cantos de alegría. Entonces decían entre las naciones: ¡Grandes cosas ha hecho el Señor por ellos!
58,Cuando Israel salió de Egipto,Salmo 114 (113),Precatecumenado,"Pascua,Paz",/resucito/src/index.html?canto=cuandoisraelsaliodeegipto.html,Cuando Israel salió de Egipto, la casa de Jacob de un pueblo bárbaro, Judá fue su santuario, Israel su dominio. El mar lo vio y huyó, el Jordán retrocedió. Los montes saltaron como carneros, las colinas como corderos.
59,Dayenú,De la Hagadá de Pésaj hebrea,Precatecumenado,"Cuaresma,Antiguo Testamento",/resucito/src/index.html?canto=dayenu.html,Dayenú. Si nos hubiera sacado de Egipto y no hubiera hecho juicio sobre ellos, Dayenú. Si hubiera hecho juicio sobre ellos y no nos hubiera dado la Torá, Dayenú. Si nos hubiera dado la Torá y no nos hubiera introducido en la tierra de Israel, Dayenú.
60,De Profundis,Salmo 130 (129),Precatecumenado,"Adviento,Virgen,Antiguo Testamento",/resucito/src/index.html?canto=deprofundis.html,De profundis clamavi ad te, Domine. Señor, desde lo más profundo te llamo. Señor, escucha mi voz; estén tus oídos atentos a la voz de mi súplica. Si llevas cuenta de las culpas, Señor, ¿quién podrá subsistir? Pero de ti procede el perdón, para que seas temido.
61,Débora,Jueces 5,Catecumenado,"Cuaresma,Entrada,Antiguo Testamento",/resucito/src/index.html?canto=debora.html,Débora. Entonces cantaron Débora y Barac, hijo de Abinoam, aquel día, diciendo: ¡Bendito sea el Señor, porque se levantó en Israel un jefe, y el pueblo se ofreció voluntariamente!
62,Decidle a los de corazón cansado,Isaías 35,4ss,Precatecumenado,"Laudes/Visperas,Antiguo Testamento",/resucito/src/index.html?canto=decidlealosdecorazoncansado.html,Decidle a los de corazón cansado: ¡Sed fuertes, no temáis! Mirad que vuestro Dios viene con venganza, con retribución divina; él mismo vendrá y os salvará. Entonces se abrirán los ojos de los ciegos, y los oídos de los sordos se destaparán.
63,Delante de los ángeles,Salmo 138 (137),Precatecumenado,"Final,Nuevo Testamento",/resucito/src/index.html?canto=delantedelosangeles.html,Delante de los ángeles te cantaré, Señor. Te alabaré de todo corazón, porque has escuchado las palabras de mi boca. Me postraré hacia tu santo templo y alabaré tu nombre por tu amor y tu fidelidad.
64,Día de reposo,Juan 8,52,Precatecumenado,"Laudes/Visperas,Antiguo Testamento",/resucito/src/index.html?canto=diadereposo.html,Día de reposo. Los judíos le dijeron: Ahora sabemos que tienes demonio. Abraham murió, y los profetas; y tú dices: El que guarda mi palabra, no gustará jamás la muerte.
65,Dice el Señor a mi Señor,Salmo 110 (109),Precatecumenado,Antiguo Testamento,/resucito/src/index.html?canto=diceelsenoramisenor.html,Dice el Señor a mi Señor: Siéntate a mi derecha, hasta que ponga a tus enemigos por estrado de tus pies. Desde Sión extenderá el Señor el poder de tu cetro: ¡Domina en medio de tus enemigos!
66,Dichoso el hombre,Salmo 1,Precatecumenado,"Pascua,Entrada,Nuevo Testamento",/resucito/src/index.html?canto=dichosoelhombre.html,Dichoso el hombre que no sigue el consejo de los impíos, ni anda por el camino de los pecadores, ni se sienta en la silla de los escarnecedores; sino que en la ley del Señor está su deleite, y en su ley medita de día y de noche. Será como árbol plantado junto a corrientes de aguas, que da su fruto a su tiempo, y su hoja no cae; y todo lo que hace, prosperará.
67,El combate escatológico,Apocalipsis 19,11-20,Precatecumenado,"Laudes/Visperas,Final,Antiguo Testamento,Nuevo Testamento",/resucito/src/index.html?canto=elcombateescatologico.html,El combate escatológico. Vi el cielo abierto, y he aquí un caballo blanco; el que lo montaba se llamaba Fiel y Verdadero, y con justicia juzga y hace la guerra. Sus ojos eran como llama de fuego, y en su cabeza había muchas diademas; y tenía un nombre escrito que nadie conocía sino él mismo.
68,El Espíritu del Señor está sobre mí,Lucas 4,18 – Isaías 61,1-3,Precatecumenado,"Pascua,Comunión,Antiguo Testamento",/resucito/src/index.html?canto=elespiritudelsenorestasobremi.html,El Espíritu del Señor está sobre mí, porque me ha ungido para anunciar la buena nueva a los pobres; me ha enviado a proclamar la libertad a los cautivos, y la vista a los ciegos; a poner en libertad a los oprimidos; a proclamar el año de gracia del Señor.
69,El jacal de los pastores,Cantar de los Cantares 1,2-8,Precatecumenado,"Fracción del Pan,Antiguo Testamento",/resucito/src/index.html?canto=eljacaldelospastores.html,El jacal de los pastores. ¡Oh, si me besara con los besos de su boca! Porque mejores son tus amores que el vino. Suave es el olor de tus ungüentos; tu nombre es ungüento derramado; por eso las doncellas te aman.
70,El lagarero,Isaías 63,1-6,Precatecumenado,"Comunión,Nuevo Testamento",/resucito/src/index.html?canto=ellagarero.html,El lagarero. ¿Quién es éste que viene de Edom, con vestidos teñidos de Bosra? ¿Éste, hermoso en su vestidura, que marcha en la grandeza de su poder? Yo, el que hablo en justicia, grande para salvar.
71,El Mesías león,Comentario al Apocalipsis (Victorino de Pettau),Precatecumenado,Antiguo Testamento,/resucito/src/index.html?canto=elmesiasleon.html,El Mesías león. He aquí que el león de la tribu de Judá, la raíz de David, ha vencido para abrir el libro y desatar sus siete sellos.
72,El mismo Dios,2 Corintios 4,6-12,Catecumenado,"Navidad,Antiguo Testamento",/resucito/src/index.html?canto=elmismodios.html,Porque el mismo Dios que dijo: De las tinieblas resplandezca la luz, es el que ha resplandecido en nuestros corazones, para iluminación del conocimiento de la gloria de Dios en el rostro de Jesucristo. Pero tenemos este tesoro en vasos de barro, para que la excelencia del poder sea de Dios, y no de nosotros.
73,El necio piensa que Dios no existe,Salmo 14 (13),Precatecumenado,"Entrada,Nuevo Testamento",/resucito/src/index.html?canto=elneciopiensaquediosnoexiste.html,Dice el necio en su corazón: No hay Dios. Se han corrompido, han cometido abominaciones; no hay quien haga el bien. El Señor mira desde el cielo a los hijos de los hombres, para ver si hay algún sensato que busque a Dios.
74,El pueblo que caminaba en las tinieblas,Isaías 9,1-5,Precatecumenado,"Adviento,Entrada,Antiguo Testamento",/resucito/src/index.html?canto=elpuebloquecaminabaenlastinieblas.html,El pueblo que caminaba en las tinieblas vio una gran luz; a los que habitaban en tierra de sombra de muerte, una luz les resplandeció. Multiplicaste la nación, aumentaste su alegría; se alegran delante de ti como se alegran en la siega, como se gozan cuando reparten el botín.
75,El sembrador,Marcos 4,3ss,Catecumenado,"Comunión,Antiguo Testamento",/resucito/src/index.html?canto=elsembrador.html,El sembrador salió a sembrar. Y al sembrar, parte de la semilla cayó junto al camino, y vinieron las aves y se la comieron. Otra parte cayó en pedregales, donde no había mucha tierra; y brotó pronto, porque no tenía profundidad de tierra.
76,El Señor anuncia una noticia,Salmo 68 (67),Precatecumenado,"Fracción del Pan,Antiguo Testamento",/resucito/src/index.html?canto=elsenoranunciaunanoticia.html,El Señor anuncia una noticia: ¡Grande es el ejército de los que llevan la buena nueva! Reyes de ejércitos huyen, huyen, y la que se queda en casa reparte el botín. Aunque yazcáis entre los apriscos, seréis como alas de paloma cubiertas de plata, y sus plumas de oro fino.
77,El Señor es mi pastor,Salmo 23 (22),Precatecumenado,"Cuaresma,Antiguo Testamento",/resucito/src/index.html?canto=elsenoresmipastor.html,El Señor es mi pastor, nada me falta. En verdes praderas me hace recostar, me conduce hacia fuentes tranquilas y repara mis fuerzas. Me guía por el sendero justo, por amor de su nombre.
78,El Señor me ha dado,Isaías 50,4-10 - Tercer canto del Siervo de Yahveh,Precatecumenado,"Entrada,Comunión,Nuevo Testamento",/resucito/src/index.html?canto=elsenormehadado.html,El Señor Yahveh me ha dado una lengua de discípulo, para que sepa sostener con mi palabra al fatigado. Mañana tras mañana despierta mi oído, para que escuche como los discípulos. El Señor Yahveh me ha abierto el oído, y yo no me he rebelado, ni me he vuelto atrás.
79,Elí, Elí, lamá sabactaní,Salmo 22 (21),Precatecumenado,Fracción del Pan,/resucito/src/index.html?canto=elielilamasabactani.html,Elí, Elí, lamá sabactaní. Dios mío, Dios mío, ¿por qué me has abandonado? ¿Por qué estás tan lejos de mi clamor y de mis quejidos? Dios mío, clamo de día, y no respondes; de noche, y no hay para mí reposo.
80,En medio de aquel gentío,Lucas 8,42b-48,Precatecumenado,"Laudes/Visperas,Fracción del Pan,Nuevo Testamento",/resucito/src/index.html?canto=enmediodeaquelgentio.html,En medio de aquel gentío, una mujer que padecía flujo de sangre desde hacía doce años, y que había gastado en médicos todo cuanto tenía, y por ninguno había podido ser curada, se acercó por detrás y tocó el borde de su manto; y al instante se detuvo el flujo de su sangre.
81,En una noche oscura,Subida al Monte Carmelo – San Juan de la Cruz,Precatecumenado,"Entrada,Final,Antiguo Testamento",/resucito/src/index.html?canto=enunanocheoscura.html,En una noche oscura, con ansias en amores inflamada, ¡oh dichosa ventura!, salí sin ser notada, estando ya mi casa sosegada.
82,Eres digno de tomar el libro,Apocalipsis 5,9ss,Precatecumenado,"Laudes/Visperas,Antiguo Testamento",/resucito/src/index.html?canto=eresdignodetomarellibro.html,Eres digno de tomar el libro y de abrir sus sellos, porque fuiste inmolado, y con tu sangre nos has redimido para Dios de todo linaje y lengua y pueblo y nación; y nos has hecho para nuestro Dios reyes y sacerdotes, y reinaremos sobre la tierra.
83,Eres hermoso,Salmo 45 (44) ,Precatecumenado,"Entrada,Fracción del Pan,Antiguo Testamento",/resucito/src/index.html?canto=ereshermoso.html,Eres hermoso, el más hermoso de los hijos de los hombres; la gracia se derrama en tus labios; por eso Dios te ha bendecido para siempre. Cíñete la espada al muslo, valiente, tu gloria y tu majestad.
84,Es paciente,Himno al Espíritu Santo (Kiko Argüello) ,Precatecumenado,,/resucito/src/index.html?canto=espaciente.html,Es paciente, es benigno, el amor no tiene envidia, no se jacta, no se engríe, no es indecoroso, no busca lo suyo, no se irrita, no lleva cuentas del mal, no se alegra de la injusticia, sino que se complace en la verdad.
85,Escóndeme en lo oculto de tu tienda,Salmo 27 (26),Precatecumenado,Antiguo Testamento,/resucito/src/index.html?canto=escondemeenloocultodetutienda.html,Escóndeme en lo oculto de tu tienda, en el día de la desgracia; me ocultará en lo secreto de su morada, sobre una roca me alzará. Y ahora mi cabeza se alza sobre mis enemigos que me rodean.
86,Escuchad, islas lejanas,Isaias 49,1-16 - Segundo canto de Siervo de Yahveh,Precatecumenado,"Pascua,Fracción del Fracción del Pan,Comunión,Nuevo Testamento",/resucito/src/index.html?canto=escuchadislaslejanas.html,Escuchad, islas lejanas, y atended, pueblos lejanos: El Señor me llamó desde el seno materno, desde las entrañas de mi madre pronunció mi nombre. Hizo de mi boca una espada afilada, en la sombra de su mano me escondió; me hizo flecha bruñida, en su aljaba me guardó.
87,Éste es el día en que actuó el Señor,Sal 118 (117),Precatecumenado,Paz,/resucito/src/index.html?canto=esteeseldiaenqueactuoelsenor.html,Éste es el día en que actuó el Señor, sea nuestra alegría y nuestro gozo. Oh Señor, danos la salvación; oh Señor, concédenos la victoria. Bendito el que viene en nombre del Señor.
88,Este es el mandamiento mío,Jn 15,12ss,Precatecumenado,"Cuaresma,Fracción del Pan",/resucito/src/index.html?canto=esteeselmandamientomio.html,Este es el mandamiento mío: que os améis los unos a los otros, como yo os he amado. Nadie tiene amor más grande que este: que uno dé su vida por sus amigos. Vosotros sois mis amigos, si hacéis lo que yo os mando.
89,Evenu shalom alejem,Melodía hebraica,Precatecumenado,Antiguo Testamento,/resucito/src/index.html?canto=evenushalomalejem.html,Evenu shalom alejem, evenu shalom alejem, evenu shalom alejem, we wish you peace. We wish you peace, we wish you peace, we wish you peace, shalom.
90,Extiendo mis manos,Oda XXVII de Salomón,Precatecumenado,Antiguo Testamento,/resucito/src/index.html?canto=extiendomismanos.html,Extiendo mis manos hacia ti, Señor, y mi alma tiene sed de ti como tierra reseca. Mis ojos te buscan, mi corazón te anhela. Porque tú eres mi roca y mi fortaleza.
91,Exultad, justos, en el Señor,Sal 33 (32),Precatecumenado,Pascua,/resucito/src/index.html?canto=exultadjustosenelsenor.html,Exultad, justos, en el Señor; a los rectos les sienta bien la alabanza. Alabad al Señor con la cítara, tocad para él el arpa de diez cuerdas. Cantadle un canto nuevo, tocad con arte al son de los clarines.
92,Felicidad para el hombre,Sal 128 (127),Precatecumenado,"Paz,Comunión,Final,Antiguo Testamento",/resucito/src/index.html?canto=felicidadparaelhombre.html,Dichoso el que teme al Señor y sigue sus caminos. Comerás del fruto de tu trabajo, serás feliz y te irá bien. Tu mujer, como vid fecunda en medio de tu casa; tus hijos, como brotes de olivo alrededor de tu mesa.
93,Gloria a Dios en lo alto del cielo,Himno Litúrgico,Liturgia,"Entrada,Antiguo Testamento",/resucito/src/index.html?canto=gloriaadiosenloaltodelcielo.html,Gloria a Dios en lo alto del cielo, y en la tierra paz a los hombres de buena voluntad. Te alabamos, te bendecimos, te adoramos, te glorificamos, te damos gracias por tu inmensa gloria. Señor Dios, Rey celestial, Dios Padre todopoderoso.
94,Gracias a Yahveh,Sal 136 (135) - Melodía hebraica,Precatecumenado,Entrada,/resucito/src/index.html?canto=graciasayahveh.html,Dad gracias a Yahveh, porque es bueno, porque es eterna su misericordia. Dad gracias al Dios de los dioses, porque es eterna su misericordia. Dad gracias al Señor de los señores, porque es eterna su misericordia.
95,Gritad jubilosos,Isaías 12,1ss,Precatecumenado,"Cuaresma,Antiguo Testamento",/resucito/src/index.html?canto=gritadjubilosos.html,Gritad jubilosos y cantad, habitantes de Sión, porque grande en medio de ti es el Santo de Israel. Dirás aquel día: Te doy gracias, Señor, porque aunque te enojaste conmigo, tu ira se apartó y me consolaste.
96,Hacia ti, morada santa,Himno procesional eucarístico (Kiko Argüello),Precatecumenado,"Fracción del Pan,Antiguo Testamento",/resucito/src/index.html?canto=haciatimoradasanta.html,Hacia ti, morada santa, hacia ti, tierra del Salvador, peregrinos, caminantes, vamos hacia ti. Jerusalén, Jerusalén, que bonita eres, calles de oro, mar de cristal.
97,Hasta cuándo,Sal 13 (12),Precatecumenado,"Cuaresma,Pascua,Laudes/Visperas",/resucito/src/index.html?canto=hastacuando.html,Hasta cuándo, Señor, me olvidarás para siempre? ¿Hasta cuándo me esconderás tu rostro? ¿Hasta cuándo tendré ansiedad en mi alma, y tristeza en mi corazón cada día? ¿Hasta cuándo se alzará mi enemigo contra mí?
98,He aquí mi siervo,Isaías 42,1-4; Mateo 12,18-21 - Primer canto de Siervo de Yahveh,Precatecumenado,"Adviento,Nuevo Testamento",/resucito/src/index.html?canto=heaquimisiervo.html,He aquí mi siervo, a quien yo sostengo; mi elegido, en quien mi alma se complace. He puesto mi Espíritu sobre él; él traerá justicia a las naciones. No gritará, ni alzará su voz, ni la hará oír en las calles.
99,He aquí que nuestro espejo es el Señor,Oda XIII de Salomón,Catecumenado,"Adviento,Cuaresma,Antiguo Testamento",/resucito/src/index.html?canto=heaquiquenuestroespejoeselsenor.html,He aquí que nuestro espejo es el Señor. En él nos vemos reflejados, en su amor, en su misericordia. Él es la imagen del Dios invisible, el primogénito de toda la creación.
100,He aquí que vengo presto,Apocalipsis 22,12-16,Precatecumenado,"Pascua,Comunión,Antiguo Testamento",/resucito/src/index.html?canto=heaquiquevengopresto.html,He aquí que vengo presto, y mi galardón conmigo, para recompensar a cada uno según sea su obra. Yo soy el Alfa y la Omega, el principio y el fin, el primero y el último. Bienaventurados los que lavan sus ropas, para tener derecho al árbol de la vida, y para entrar por las puertas en la ciudad.
101,He esperado en el Señor,Salmo 40 (39),Precatecumenado,"Cuaresma,Nuevo Testamento",/resucito/src/index.html?canto=heesperadoenelsenor.html,He esperado en el Señor con paciencia; él se inclinó hacia mí y escuchó mi clamor. Me sacó del pozo de la desesperación, del lodo cenagoso; asentó mis pies sobre roca, y afirmó mis pasos.
102,Hermosa eres, amiga mía,Cantar de los cantares 6-7,Eleccion,Pascua,/resucito/src/index.html?canto=hermosaeresamigamia.html,Hermosa eres, amiga mía, como Tirsa; bella como Jerusalén; imponente como ejércitos en orden de batalla. Aparta de mí tus ojos, porque me han turbado. Tus cabellos, como rebaño de cabras que descienden de Galaad.
103,Hijas de Jerusalén,Lucas 23,28-46,Precatecumenado,"Pentecostés,Comunión,Nuevo Testamento",/resucito/src/index.html?canto=hijasdejerusalen.html,Hijas de Jerusalén, no lloréis por mí, sino llorad por vosotras mismas y por vuestros hijos. Porque vendrán días en que dirán: Dichosas las estériles, los vientres que no concibieron y los pechos que no amamantaron.
104,Himno a Cristo luz,Himno vespertino (San Gregorio Nacianceno),Precatecumenado,"Laudes/Visperas,Entrada",/resucito/src/index.html?canto=himnoacristoluz.html,Himno a Cristo luz. Cristo, luz del mundo, que iluminas a todo hombre que viene a este mundo. Brilla en nuestros corazones, disipa las tinieblas de nuestra mente.
105,Himno a la caridad,1 Corintios 13,1-7,Precatecumenado,"Cuaresma,Fracción del Fracción del Pan,Nuevo Testamento",/resucito/src/index.html?canto=himnoalacaridad.html,Aunque hablara lenguas humanas y angélicas, si no tengo caridad, soy como metal que resuena o címbalo que retiñe. Aunque tuviera el don de profecía y conociera todos los misterios y toda la ciencia, y aunque tuviera toda la fe como para trasladar montañas, si no tengo caridad, nada soy.
106,Himno a la cruz gloriosa,Homilía La Santa Pascua (Anónimo s. II),Catecumenado,Adviento,/resucito/src/index.html?canto=himnoalacruzgloriosa.html,Himno a la cruz gloriosa. Oh cruz, árbol de vida, donde Cristo ha vencido a la muerte. Oh cruz, esperanza nuestra, en ti está nuestra salvación.
107,Himno a la kenosis,Filipenses 2,1-11,Precatecumenado,Laudes/Visperas,/resucito/src/index.html?canto=himnoalakenosis.html,Himno a la kenosis. Tened entre vosotros los mismos sentimientos que tuvo Cristo Jesús, el cual, siendo en forma de Dios, no estimó el ser igual a Dios como cosa a que aferrarse, sino que se despojó a sí mismo, tomando forma de siervo, hecho semejante a los hombres.
108,Himno de Adviento,Himno lat. «Vox clara ecce Intonat»,Precatecumenado,"Pascua,Laudes",/resucito/src/index.html?canto=himnodeadviento.html,Himno de Adviento. Una voz clama en el desierto: Preparad el camino del Señor, enderezad sus sendas. Toda barranca será rellenada, y todo monte y colina rebajados.
109,Himno de la Ascensión,Himno de Laudes del tiempo Pascual, de la Ascensión a Pentecostés / Himno de la liturgia de las horas ,Precatecumenado,"Pascua,Comunión,Final,Antiguo Testamento",/resucito/src/index.html?canto=himnodelaascension.html,Himno de la Ascensión. Cristo, vencedor de la muerte, ha subido a los cielos, sentándose a la diestra del Padre. Nos ha enviado el Espíritu Santo, el Consolador, para que permanezca con nosotros para siempre.
110,Himno de Pascua,Himno lat. «Aurora lucis rutiiat»,Precatecumenado,"Final,Nuevo Testamento",/resucito/src/index.html?canto=himnodepascua.html,Himno de Pascua. La aurora de la luz resplandece, el día de la resurrección ha llegado. Cristo, el sol de justicia, ha disipado las tinieblas de la muerte.
111,Huye, amado mío,Cantar de los Cantares 8,10-14,Precatecumenado,Cuaresma,/resucito/src/index.html?canto=huyeamadomio.html,Huye, amado mío, y sé semejante al gamo o al cervatillo sobre los montes de los aromas. Mi viña, la mía, está delante de mí; las mil piezas son tuyas, oh Salomón, y doscientas para los que guardan su fruto.
112,Id y anunciad a mis hermanos,Mateo 28,10.16-20,Precatecumenado,Antiguo Testamento,/resucito/src/index.html?canto=idyanunciadamishermanos.html,Id y anunciad a mis hermanos que vayan a Galilea, y allí me verán. Y Jesús se acercó y les habló diciendo: Toda potestad me es dada en el cielo y en la tierra. Por tanto, id, y haced discípulos a todas las naciones, bautizándolos en el nombre del Padre, y del Hijo, y del Espíritu Santo.
113,Improperios,Adoración de la santa Cruz el Viernes santo,Precatecumenado,"Cuaresma,Paz,Antiguo Testamento",/resucito/src/index.html?canto=improperios.html,Improperios. Pueblo mío, ¿qué te he hecho? ¿En qué te he ofendido? Respóndeme. Yo te saqué de la tierra de Egipto, y tú preparaste una cruz para tu Salvador.
114,Jacob,Genesis 32,23-29 ,Catecumenado,Nuevo Testamento,/resucito/src/index.html?canto=jacob.html,Jacob. Y se quedó Jacob solo; y luchó con él un varón hasta que rayaba el alba. Y cuando vio que no podía con él, tocó en el sitio del encaje de su muslo, y se descoyuntó el muslo de Jacob mientras con él luchaba.
115,Jerusalén reconstruida,Tobias 13,11-17,Precatecumenado,"Navidad,Virgen,Nuevo Testamento",/resucito/src/index.html?canto=jerusalenreconstruida.html,Jerusalén reconstruida. ¡Alégrate, Jerusalén, y exulta de gozo! ¡Alégrate, ciudad santa, porque Dios te ha visitado! Te reconstruirá con piedras preciosas, y tus muros serán de oro y plata.
116,Jesús recorría todas las ciudades,Mateo 9,35ss; 10 ,Precatecumenado,Cuaresma,/resucito/src/index.html?canto=jesusrecorriatodaslasciudades.html,Jesús recorría todas las ciudades y aldeas, enseñando en las sinagogas de ellos, y predicando el evangelio del reino, y sanando toda enfermedad y toda dolencia en el pueblo. Y al ver las multitudes, tuvo compasión de ellas; porque estaban desamparadas y dispersas como ovejas que no tienen pastor.
117,La cordera de Dios,Mateo 1,18s; 2,13s.18,Precatecumenado,"Laudes/Visperas,Comunión",/resucito/src/index.html?canto=lacorderadedios.html,La cordera de Dios. El nacimiento de Jesucristo fue así: Estando desposada María su madre con José, antes que se juntasen, se halló que había concebido del Espíritu Santo. José su marido, como era justo, y no quería infamarla, quiso dejarla secretamente.
118,La espada,Ezequiel 21,14-22,Precatecumenado,Virgen,/resucito/src/index.html?canto=laespada.html,La espada. Y tú, hijo de hombre, profetiza, y di: Así ha dicho Jehová el Señor acerca de los hijos de Amón, y de su oprobio; y dirás: ¡Espada, espada desenvainada para la matanza, pulida para consumir, para que relumbre!
119,La marcha es dura,Espiritual negro «Go down, Moses»,Precatecumenado,"Final,Nuevo Testamento",/resucito/src/index.html?canto=lamarchaesdura.html,La marcha es dura, el camino es largo. Pero no nos detendremos, porque el Señor va con nosotros. Go down, Moses, way down in Egypt land. Tell old Pharaoh, let my people go.
120,La paloma voló,Oda XXIV de Salomón,Eleccion,"Comunión,Antiguo Testamento",/resucito/src/index.html?canto=lapalomavolo.html,La paloma voló de mi mano, y se posó en el árbol de la vida. Y comió de sus frutos, y se llenó de vida. Y volvió a mí, y me trajo una rama de olivo.
121,La Salve,Himno lat. «Salve Regina»,Precatecumenado,"Cuaresma,Laudes,Nuevo Testamento",/resucito/src/index.html?canto=lasalve.html,Salve, Regina, Mater misericordiae; vita, dulcedo, et spes nostra, salve. Ad te clamamus, exsules filii Hevae. Ad te suspiramus, gementes et flentes in hac lacrimarum valle.
122,La siega de las naciones,Juan 4,31-38,Precatecumenado,,/resucito/src/index.html?canto=lasiegadelasnaciones.html,La siega de las naciones. Jesús les dijo: Mi comida es que haga la voluntad del que me envió, y que acabe su obra. ¿No decís vosotros: Aún faltan cuatro meses para la siega? He aquí os digo: Alzad vuestros ojos y mirad los campos, porque ya están blancos para la siega.
123,La voz de mi amado,Cantar de los Cantares 2,8-17,Precatecumenado,,/resucito/src/index.html?canto=lavozdemiamado.html,La voz de mi amado. He aquí que viene saltando por los montes, brincando por las colinas. Mi amado es semejante al gamo, o al cervatillo. He aquí que está detrás de nuestra pared, mirando por las ventanas, atisbando por las celosías.
124,Las armas de la luz,cf Efesios 6,11.ss,Precatecumenado,,/resucito/src/index.html?canto=lasarmasdelaluz.html,Las armas de la luz. Vestíos de toda la armadura de Dios, para que podáis estar firmes contra las asechanzas del diablo. Porque no tenemos lucha contra sangre y carne, sino contra principados, contra potestades, contra los gobernadores de las tinieblas de este siglo, contra huestes espirituales de maldad en las regiones celestes.
125,Lauda Sión,Secuencia del Corpus Christi (Santo Tomas de Aquino) ,Precatecumenado,,/resucito/src/index.html?canto=laudasion.html,Lauda Sión, Salvatorem, lauda ducem et pastorem in hymnis et canticis. Quantum potes, tantum aude: quia maior omni laude, nec laudare sufficis.
126,Letanías de los santos,De la liturgia bautismal de la Vigilia pascual,Liturgia,,/resucito/src/index.html?canto=letaniasdelossantos.html,Letanías de los santos. Señor, ten piedad. Cristo, ten piedad. Santa María, Madre de Dios, ruega por nosotros. San Miguel, ruega por nosotros. Todos los santos y santas de Dios, rogad por nosotros.
127,Letanías penitenciales I,Letanía para la Celebración Penitencial – modelo abreviado,Liturgia,"Cuaresma,Laudes,Entrada,Antiguo Testamento",/resucito/src/index.html?canto=letaniaspenitencialesi.html,Letanías penitenciales I. Señor, ten piedad. Cristo, ten piedad. Señor, ten piedad. Por tu encarnación, líbranos, Señor. Por tu pasión y cruz, líbranos, Señor.
128,Letanías penitenciales II,Letanía para la Celebración Penitencial,Liturgia,"Cuaresma,Laudes,Entrada",/resucito/src/index.html?canto=letaniaspenitencialesii.html,Letanías penitenciales II. Señor, ten piedad. Cristo, ten piedad. Señor, ten piedad. De todo mal, líbranos, Señor. De todo pecado, líbranos, Señor. De la muerte eterna, líbranos, Señor.
129,Levanto mis ojos a los montes,Sal 121 (120),Precatecumenado,"Adviento,Pentecostés,Final,Nuevo Testamento",/resucito/src/index.html?canto=levantomisojosalosmontes.html,Levanto mis ojos a los montes: ¿de dónde me vendrá el auxilio? El auxilio me viene del Señor, que hizo el cielo y la tierra. No permitirá que tu pie resbale, no dormirá tu guardián.
131,Llegue hasta tu presencia mi clamor,Sal 119 (118),Precatecumenado,"Virgen,Laudes,Nuevo Testamento",/resucito/src/index.html?canto=lleguehastatupresenciamiclamor.html,Llegue hasta tu presencia mi clamor, Señor; conforme a tu palabra, dame entendimiento. Llegue mi súplica ante ti; líbrame conforme a tu promesa. Mis labios rebosan alabanza, porque me enseñas tus decretos.
132,Llévame al cielo,Filipenses 1,23,Precatecumenado,Virgen,/resucito/src/index.html?canto=llevamealcielo.html,Llévame al cielo. Para mí el vivir es Cristo y el morir es ganancia. Porque de ambas cosas estoy puesto en estrecho, teniendo deseo de partir y estar con Cristo, lo cual es muchísimo mejor.
133,Magníficat,Lucas 1,46-55,Precatecumenado,"Virgen,Entrada,Nuevo Testamento",/resucito/src/index.html?canto=magnificat.html,Magníficat. Proclama mi alma la grandeza del Señor, y mi espíritu se alegra en Dios mi Salvador, porque ha mirado la humildad de su sierva. Desde ahora me felicitarán todas las generaciones.
134,María de Jasna Göra,Himno a la Virgen de Jasna Göra, Częstochowa Polonia (Kiko Argüello) ,Precatecumenado,Virgen,/resucito/src/index.html?canto=mariadejasnagöra.html,María de Jasna Göra. Oh, Madre de Częstochowa, Virgen negra, reina de Polonia. Tú que has protegido a tu pueblo, intercede por nosotros ante tu Hijo.
135,María, casa de bendición,Juan 2,1–11 – Las Bodas de Caná,Precatecumenado,"Cuaresma,Virgen,Nuevo Testamento",/resucito/src/index.html?canto=mariacasadebendicion.html,María, casa de bendición. Y al tercer día se hicieron unas bodas en Caná de Galilea; y estaba allí la madre de Jesús. Y fueron también invitados a las bodas Jesús y sus discípulos. Y faltando el vino, la madre de Jesús le dijo: No tienen vino.
136,María, madre de la Iglesia,Juan 19,26-34,Precatecumenado,"Cuaresma,Virgen",/resucito/src/index.html?canto=mariamadredelaiglesia.html,María, madre de la Iglesia. Cuando Jesús vio a su madre, y al discípulo a quien él amaba, que estaba presente, dijo a su madre: Mujer, he ahí tu hijo. Después dijo al discípulo: He ahí tu madre. Y desde aquella hora el discípulo la recibió en su casa.
137,María, madre del camino ardiente,Himno a la Virgen del Tercer Milenio (Kiko Argüello),Precatecumenado,"Adviento,Entrada,Antiguo Testamento",/resucito/src/index.html?canto=mariamadredelcaminoardiente.html,María, madre del camino ardiente. Oh, Virgen María, madre del camino, estrella de la nueva evangelización. Guía nuestros pasos hacia Cristo, luz del mundo.
138,María, pequeña María,Himno a la Virgen María (Kiko Argüello),Precatecumenado,Antiguo Testamento,/resucito/src/index.html?canto=mariapequenamaria.html,María, pequeña María, humilde sierva del Señor. En ti se ha cumplido la promesa, en ti ha nacido el Salvador.
139,Me enseñarás el camino de la vida,Sal 16 (15),Precatecumenado,"Pascua,Comunión,Antiguo Testamento",/resucito/src/index.html?canto=meensenaraselcaminodelavida.html,Me enseñarás el camino de la vida; en tu presencia hay plenitud de gozo; delicias a tu diestra para siempre. Protégeme, oh Dios, porque en ti me refugio.
140,Me has seducido, Señor,Jeremias 20,7-18,Precatecumenado,"Paz,Antiguo Testamento",/resucito/src/index.html?canto=mehasseducidosenor.html,Me has seducido, Señor, y me dejé seducir; me has forzado y me has vencido. He sido la irrisión de todos, objeto de burla todo el día. Pues cada vez que hablo, tengo que gritar: ¡Violencia! ¡Destrucción!.
141,Me robaste el corazón,Cantar de los cantares 4,9 - 5,1,Eleccion,"Cuaresma,Laudes,Antiguo Testamento",/resucito/src/index.html?canto=merobasteelcorazon.html,Me robaste el corazón, hermana mía, esposa mía; me robaste el corazón con una sola de tus miradas, con una sola perla de tu collar. ¡Qué hermosos son tus amores, hermana mía, esposa mía! ¡Cuánto mejores que el vino tus amores, y el olor de tus ungüentos que todas las especias aromáticas!
142,Mirad qué estupendo,Sal 133 (132),Precatecumenado,Antiguo Testamento,/resucito/src/index.html?canto=miradqueestupendo.html,Mirad qué estupendo, qué alegría, que los hermanos vivan unidos. Es como óleo precioso en la cabeza, que baja por la barba, la barba de Aarón, hasta el borde de sus vestiduras.
143,Misericordia mía, misericordia,Sal 51 (50),Precatecumenado,"Pascua,Comunión,Nuevo Testamento",/resucito/src/index.html?canto=misericordiamiamisericordia.html,Misericordia mía, misericordia. Ten piedad de mí, oh Dios, conforme a tu misericordia; conforme a la multitud de tus piedades, borra mis rebeliones. Lávame más y más de mi maldad, y límpiame de mi pecado.
144,Misericordia, Dios mío,Sal 51(50),Precatecumenado,Nuevo Testamento,/resucito/src/index.html?canto=misericordiadiosmio.html,Misericordia, Dios mío, por tu bondad; por tu inmensa compasión borra mi culpa. Lava del todo mi delito, limpia mi pecado.
145,Mucho me han perseguido,Sal 129 (128),Precatecumenado,"Fracción del Pan,Antiguo Testamento",/resucito/src/index.html?canto=muchomehanperseguido.html,Mucho me han perseguido desde mi juventud, que lo diga Israel; mucho me han perseguido desde mi juventud, mas no pudieron conmigo. Sobre mis espaldas araron los aradores; alargaron sus surcos.
146,Ninguno puede servir a dos señores,Mateo 6,24-33 ,Catecumenado,"Comunión,Nuevo Testamento",/resucito/src/index.html?canto=ningunopuedeserviradossenores.html,Ninguno puede servir a dos señores; porque aborrecerá al uno y amará al otro, o estimará al uno y menospreciará al otro. No podéis servir a Dios y a las riquezas. Por tanto os digo: No os afanéis por vuestra vida, qué habéis de comer o qué habéis de beber; ni por vuestro cuerpo, qué habéis de vestir.
147,No está aquí, resucitó,Mateo 28,1-8,Precatecumenado,"Cuaresma,Antiguo Testamento",/resucito/src/index.html?canto=noestaaquiresucito.html,No está aquí, resucitó, como dijo. Venid, ved el lugar donde fue puesto el Señor. E id pronto y decid a sus discípulos que ha resucitado de los muertos, y he aquí va delante de vosotros a Galilea; allí le veréis. He aquí, os lo he dicho.
148,No hay en él parecer,Isaías 53,2ss - Cuarto canto del Siervo de Yahveh,Precatecumenado,"Pascua,Nuevo Testamento",/resucito/src/index.html?canto=nohayenelparecer.html,No hay en él parecer, ni hermosura; le veremos, mas sin atractivo para que le deseemos. Despreciado y desechado entre los hombres, varón de dolores, experimentado en quebranto; y como que escondimos de él el rostro, fue menospreciado, y no lo estimamos.
149,No resistáis al mal,Mateo 5,38ss,Catecumenado,Adviento,/resucito/src/index.html?canto=noresistaisalmal.html,No resistáis al mal; antes, a cualquiera que te hiera en la mejilla derecha, vuélvele también la otra; y al que quiera ponerte a pleito y quitarte la túnica, déjale también la capa; y a cualquiera que te obligue a llevar carga por una milla, ve con él dos.
150,No sufras por los malvados,Sal 37 (36),Catecumenado,Antiguo Testamento,/resucito/src/index.html?canto=nosufrasporlosmalvados.html,No sufras por los malvados, no envidies a los que cometen iniquidad. Porque como la hierba pronto se secarán, y como la hierba verde se marchitarán. Confía en el Señor y haz el bien; habita en la tierra y cultiva la fidelidad.
151,Noli me tangere,Juan 20,15-17,Precatecumenado,"Adviento,Laudes,Antiguo Testamento",/resucito/src/index.html?canto=nolimetangere.html,Noli me tangere. Jesús le dijo: Mujer, ¿por qué lloras? ¿A quién buscas? Ella, pensando que era el hortelano, le dijo: Señor, si tú te lo has llevado, dime dónde lo has puesto, y yo me lo llevaré. Jesús le dijo: ¡María! Volviéndose ella, le dijo: ¡Rabboni! (que quiere decir, Maestro). Jesús le dijo: No me toques, porque aún no he subido a mi Padre; mas ve a mis hermanos, y diles: Subo a mi Padre y a vuestro Padre, a mi Dios y a vuestro Dios.
152,Oh cielos, lloved de lo alto,Isaías 45,8,Precatecumenado,"Cuaresma,Fracción del Pan,Comunión",/resucito/src/index.html?canto=ohcieloslloveddeloalto.html,Oh cielos, lloved de lo alto, y las nubes destilen justicia; ábrase la tierra, y produzca salvación, y con ella brote justicia; yo Jehová lo he creado.
153,Oh Dios, por tu nombre sálvame,Sal 54 (53),Precatecumenado,"Pascua,Nuevo Testamento",/resucito/src/index.html?canto=ohdiosportunombresalvame.html,Oh Dios, por tu nombre sálvame, y con tu poder defiéndeme. Oh Dios, escucha mi oración, atiende las palabras de mi boca. Porque extraños se levantaron contra mí, y violentos buscan mi vida; no tienen a Dios delante de sí.
154,Oh Dios, tú eres mi Dios,Sal 63 (62),Precatecumenado,Antiguo Testamento,/resucito/src/index.html?canto=ohdiostueresmidios.html,Oh Dios, tú eres mi Dios, a ti te busco; mi alma tiene sed de ti, mi carne te anhela, en tierra seca y árida donde no hay agua. Para ver tu poder y tu gloria, como te he visto en el santuario.
155,Oh Jesús, amor mío,(Kiko Argüello),Precatecumenado,"Laudes/Visperas,Entrada,Comunión,Antiguo Testamento",/resucito/src/index.html?canto=ohjesusamormio.html,Oh Jesús, amor mío, mi dulce Salvador. En ti confío, en ti espero, en ti me abandono. Oh Jesús, amor mío, mi único bien. En ti encuentro la paz, la alegría, la vida.
156,Oh muerte, ¿dónde está tu victoria?,1 Corintios 15,Precatecumenado,"Entrada,Antiguo Testamento",/resucito/src/index.html?canto=ohmuerte¿dondeestatuvictoria?.html,Oh muerte, ¿dónde está tu victoria? Oh sepulcro, ¿dónde está tu aguijón? Ya el aguijón de la muerte es el pecado, y el poder del pecado, la ley. Mas gracias sean dadas a Dios, que nos da la victoria por medio de nuestro Señor Jesucristo.
157,Oh Señor, mi corazón ya no es ambicioso,Sal 131 (130),Catecumenado,,/resucito/src/index.html?canto=ohsenormicorazonyanoesambicioso.html,Oh Señor, mi corazón ya no es ambicioso, mis ojos ya no miran con soberbia. No busco grandezas que me superan, ni maravillas que me exceden. Sino que acallo y modero mi alma, como niño destetado en brazos de su madre.
158,Oh Señor, nuestro Dios,Salmo 8,Precatecumenado,Virgen,/resucito/src/index.html?canto=ohsenornuestrodios.html,Oh Señor, nuestro Dios, ¡qué admirable es tu nombre en toda la tierra! Tu majestad se extiende sobre los cielos. De la boca de los niños y de los que maman, has fundado la fortaleza, a causa de tus adversarios, para hacer callar al enemigo y al vengativo.
159,Os tomaré de entre las naciones,Ezequiel 36,24-28,Precatecumenado,"Pentecostés,Comunión",/resucito/src/index.html?canto=ostomaredeentrelasnaciones.html,Os tomaré de entre las naciones, os recogeré de todos los países y os llevaré a vuestra propia tierra. Derramaré sobre vosotros agua pura y quedaréis purificados de todas vuestras impurezas y de todas vuestras idolatrías.
160,Padre nuestro,Tiempo de la Elección,Liturgia,,/resucito/src/index.html?canto=padrenuestro.html,Padre nuestro, que estás en el cielo, santificado sea tu Nombre; venga a nosotros tu reino; hágase tu voluntad en la tierra como en el cielo. Danos hoy nuestro pan de cada día; perdona nuestras ofensas, como también nosotros perdonamos a los que nos ofenden; no nos dejes caer en tentación, y líbranos del mal. Amén.
161,Paloma incorrupta,Kontákion (Romano el Meloda),Precatecumenado,,/resucito/src/index.html?canto=palomaincorrupta.html,Paloma incorrupta, Virgen María, Madre de Dios. Tú que has concebido al Hijo de Dios sin mancha, intercede por nosotros pecadores.
162,Pentecostés,Hchos de los Apostoles 2,1-13 ,Precatecumenado,,/resucito/src/index.html?canto=pentecostes.html,Pentecostés. Al llegar el día de Pentecostés, estaban todos reunidos en un mismo lugar. De repente, vino del cielo un ruido como el de una ráfaga de viento impetuosa, que llenó toda la casa donde estaban sentados.
163,Plegaria Eucarística II Modelo I,Modelo I,Liturgia,,/resucito/src/index.html?canto=plegariaeucaristicaiimodeloip1.html,Plegaria Eucarística II Modelo I. Santo eres en verdad, Señor, fuente de toda santidad; por eso te pedimos que santifiques estos dones con la efusión de tu Espíritu, de manera que se conviertan para nosotros en el Cuerpo y la Sangre de Jesucristo nuestro Señor.
164,Plegaria Eucarística II Modelo II,Modelo II (1987),Liturgia,,/resucito/src/index.html?canto=plegariaeucaristicaiimodeloii.html,Plegaria Eucarística II Modelo II. Santo eres, Señor, y digno de toda alabanza. Te damos gracias por Jesucristo, tu Hijo, que se entregó por nosotros en la cruz, y por el Espíritu Santo, que nos ha reunido en tu Iglesia.
165,Plegaria Eucarística IV 1988,(1988),Liturgia,,/resucito/src/index.html?canto=plegariaeucaristicaiv1988.html,Plegaria Eucarística IV 1988. En verdad es justo y necesario, es nuestro deber y salvación, darte gracias siempre y en todo lugar, Señor, Padre santo, Dios todopoderoso y eterno, por Cristo, Señor nuestro.
166,Por el amor de mis amigos,Sal 122 (121) - Melodía hebraica ,Precatecumenado,,/resucito/src/index.html?canto=porelamordemisamigos.html,Por el amor de mis amigos y de mis hermanos, voy a decir: la paz sea contigo. Por la casa del Señor, nuestro Dios, te deseo todo bien.
167,Por qué esta noche es diferente,Haggadá de Pesaj - Melodía hebraica,Precatecumenado,,/resucito/src/index.html?canto=porqueestanocheesdiferente.html,Por qué esta noche es diferente de todas las demás noches? En todas las demás noches comemos pan con levadura y pan sin levadura; esta noche, solo pan sin levadura. En todas las demás noches comemos toda clase de verduras; esta noche, solo hierbas amargas.
168,Por qué las gentes conjuran,Salmo 2,Precatecumenado,,/resucito/src/index.html?canto=porquelasgentesconjuran.html,Por qué las gentes conjuran, y los pueblos traman planes vanos? Se levantan los reyes de la tierra, y los príncipes se confabulan contra el Señor y contra su Ungido: ¡Rompamos sus cadenas, sacudamos su yugo!
169,Porque mi yugo es suave,Mateo 11,28ss,Precatecumenado,,/resucito/src/index.html?canto=porquemiyugoessuave.html,Venid a mí todos los que estáis cansados y cargados, y yo os haré descansar. Llevad mi yugo sobre vosotros, y aprended de mí, que soy manso y humilde de corazón; y hallaréis descanso para vuestras almas; porque mi yugo es suave, y mi carga ligera.
170,Prefacio para Adviento y Navidad,Prefacio IV de Adviento*,Liturgia,"Paz,Antiguo Testamento",/resucito/src/index.html?canto=prefacioparaadvientoynavidad.html,Prefacio para Adviento y Navidad. En verdad es justo y necesario, es nuestro deber y salvación, darte gracias siempre y en todo lugar, Señor, Padre santo, Dios todopoderoso y eterno, por Cristo, Señor nuestro.
171,Prefacio para el tiempo Pascual,Prefacio I de Pascua*,Liturgia,"Pascua,Niños,Paz",/resucito/src/index.html?canto=prefacioparaeltiempopascual.html,Prefacio para el tiempo Pascual. En verdad es justo y necesario, es nuestro deber y salvación, glorificarte siempre, Señor, y más que nunca en este tiempo en que Cristo, nuestra Pascua, ha sido inmolado.
172,Pregón Pascual,«Exsultet»,Liturgia,"Cuaresma,Laudes,Antiguo Testamento",/resucito/src/index.html?canto=pregonpascual.html,Pregón Pascual. Exsultet iam angelica turba caelorum: exsultent divina mysteria: et pro tanti Regis victoria tuba intonet salutaris. Gaudeat et tellus, tantis irradiata fulgoribus: et aeterni Regis splendore illustrata, totius orbis se sentiat amisisse caliginem.
174,Qué amables son tus moradas,Sal 84 (83),Precatecumenado,"Cuaresma,Laudes,Nuevo Testamento",/resucito/src/index.html?canto=queamablessontusmoradas.html,Qué amables son tus moradas, Señor de los ejércitos! Mi alma se consume y anhela los atrios del Señor; mi corazón y mi carne claman por el Dios vivo.
175,Qué estupendo, qué alegría,Sal 133 (132),Precatecumenado,"Adviento,Navidad",/resucito/src/index.html?canto=queestupendoquealegria.html,Qué estupendo, qué alegría, que los hermanos vivan unidos. Es como óleo precioso en la cabeza, que baja por la barba, la barba de Aarón, hasta el borde de sus vestiduras.
176,Quién es ésta que sube del desierto,Cantar de los Cantares 8,5-7,Precatecumenado,Pascua,/resucito/src/index.html?canto=quienesestaquesubedeldesierto.html,Quién es ésta que sube del desierto, recostada sobre su amado? Debajo del manzano te desperté; allí te concibió tu madre, allí te concibió la que te dio a luz. Ponme como un sello sobre tu corazón, como un sello sobre tu brazo; porque fuerte es como la muerte el amor; duro como el Seol los celos; sus brasas, brasas de fuego, fuerte llama.
177,Quién nos separará,Romanos 8,34-39,Precatecumenado,Pascua,/resucito/src/index.html?canto=quiennosseparara.html,Quién nos separará del amor de Cristo? ¿Tribulación, o angustia, o persecución, o hambre, o desnudez, o peligro, o espada? Antes, en todas estas cosas somos más que vencedores por medio de aquel que nos amó. Por lo cual estoy seguro de que ni la muerte, ni la vida, ni ángeles, ni principados, ni potestades, ni lo presente, ni lo por venir, ni lo alto, ni lo profundo, ni ninguna otra cosa creada nos podrá separar del amor de Dios, que es en Cristo Jesús Señor nuestro.
178,Quiero andar, madre, a Jerusalén,Canto sefardí,Precatecumenado,Pascua,/resucito/src/index.html?canto=quieroandarmadreajerusalen.html,Quiero andar, madre, a Jerusalén, a ver al Mesías, mi Redentor. Quiero ver sus llagas, quiero besar sus pies, quiero estar con él en su pasión.
179,Quiero cantar,Sal 57 (56),Precatecumenado,"Entrada,Antiguo Testamento",/resucito/src/index.html?canto=quierocantar.html,Quiero cantar al Señor, quiero tocar para él. Mi corazón está dispuesto, oh Dios, mi corazón está dispuesto; cantaré y entonaré salmos. Despierta, alma mía; despierta, arpa y cítara; me levantaré de madrugada.
180,Resucitó,(Kiko Argüello),Precatecumenado,"Paz,Antiguo Testamento",/resucito/src/index.html?canto=resucito.html,Resucitó, resucitó, resucitó, aleluya. Aleluya, aleluya, aleluya, resucitó. La muerte, ¿dónde está la muerte? ¿Dónde está mi muerte? ¿Dónde está su victoria? Aleluya. Resucitó.
181,Resurrexit,Juan 11,25s,Precatecumenado,"Comunión,Final,Antiguo Testamento",/resucito/src/index.html?canto=resurrexit.html,Resurrexit. Jesús le dijo: Yo soy la resurrección y la vida; el que cree en mí, aunque esté muerto, vivirá. Y todo aquel que vive y cree en mí, no morirá para siempre. ¿Crees esto?
182,Salmodia para el evangelio,Juan 3,11-20 ,Liturgia,"Laudes/Visperas,Comunión,Nuevo Testamento",/resucito/src/index.html?canto=salmodiaparaelevangelio.html,Salmodia para el evangelio. En verdad, en verdad te digo: el que no nace de nuevo, no puede ver el reino de Dios. El viento sopla de donde quiere, y oyes su sonido; mas ni sabes de dónde viene, ni a dónde va; así es todo aquel que es nacido del Espíritu.
183,Salmodia para el rosario,Santo Rosario,Liturgia,Final,/resucito/src/index.html?canto=salmodiaparaelrosario.html,Salmodia para el rosario. Dios te salve, María; llena eres de gracia; el Señor es contigo; bendita tú eres entre todas las mujeres, y bendito es el fruto de tu vientre, Jesús. Santa María, Madre de Dios, ruega por nosotros pecadores, ahora y en la hora de nuestra muerte. Amén.
184,Salmodia para el Salmo responsorial,Modelo I, II, III,Liturgia,"Cuaresma,Antiguo Testamento",/resucito/src/index.html?canto=salmodiaparaelsalmoresponsorial.html,Salmodia para el Salmo responsorial. El Señor es mi pastor, nada me falta. En verdes praderas me hace recostar, me conduce hacia fuentes tranquilas y repara mis fuerzas.
185,Salmodias para la oración de los fieles,Para las solemnidades,Liturgia,"Pascua,Comunión",/resucito/src/index.html?canto=salmodiasparalaoraciondelosfieles.html,Salmodias para la oración de los fieles. Escúchanos, Señor. Te rogamos, óyenos. Por la Iglesia, por el Papa, por los obispos, por los sacerdotes, por los diáconos, por los religiosos, por los laicos, por todos los hombres, por los enfermos, por los que sufren, por los moribundos, por los difuntos.
186,Salmodias para laudes,Modelo I, II, III, IV, V,Liturgia,Pascua,/resucito/src/index.html?canto=salmodiasparalaudes.html,Salmodias para laudes. Oh Dios, ven en mi auxilio. Señor, date prisa en socorrerme. Gloria al Padre, y al Hijo, y al Espíritu Santo. Como era en el principio, ahora y siempre, por los siglos de los siglos. Amén.
187,Salve, reina de los cielos,Himno lat. «Ave, Regina Caelorum»,Precatecumenado,,/resucito/src/index.html?canto=salvereinadeloscielos.html,Salve, Reina de los cielos, y Señora de los ángeles; salve, raíz, salve, puerta, que dio paso a nuestra luz. Alégrate, Virgen gloriosa, entre todas la más bella; salve, oh, toda hermosa, y ruega por nosotros a Cristo.
188,Santo Palomeras 65,Palomeras 65,Liturgia,,/resucito/src/index.html?canto=santopalomeras65.html,Santo, Santo, Santo es el Señor, Dios del Universo. Llenos están el cielo y la tierra de tu gloria. Hosanna en el cielo. Bendito el que viene en nombre del Señor. Hosanna en el cielo.
189,Santo Melodía hebraica ,Melodía hebraica ,Liturgia,Ordinario,/resucito/src/index.html?canto=santomelodiahebraica.html,Kadosh, Kadosh, Kadosh Adonai Tzevaot. Meló kol ha'aretz kevodo. Baruch Adonai. Baruch haba b'shem Adonai. Hosanna.
190,Santo Palestina 74,Palestina 74,Liturgia,Ordinario,/resucito/src/index.html?canto=santopalestina74.html,Santo, Santo, Santo es el Señor, Dios del Universo. Llenos están el cielo y la tierra de tu gloria. Hosanna en el cielo. Bendito el que viene en nombre del Señor. Hosanna en el cielo.
191,Santo Roma 77,Roma 77,Liturgia,,/resucito/src/index.html?canto=santoroma77.html,Santo, Santo, Santo es el Señor, Dios del Universo. Llenos están el cielo y la tierra de tu gloria. Hosanna en el cielo. Bendito el que viene en nombre del Señor. Hosanna en el cielo.
192,Santo 1982,1982,Liturgia,,/resucito/src/index.html?canto=santo1982.html,Santo, Santo, Santo es el Señor, Dios del Universo. Llenos están el cielo y la tierra de tu gloria. Hosanna en el cielo. Bendito el que viene en nombre del Señor. Hosanna en el cielo.
193,Santo 1988,1988,Liturgia,"Virgen,Final",/resucito/src/index.html?canto=santo1988.html,Santo, Santo, Santo es el Señor, Dios del Universo. Llenos están el cielo y la tierra de tu gloria. Hosanna en el cielo. Bendito el que viene en nombre del Señor. Hosanna en el cielo.
194,Se encontraron dos ángeles,Melodía hebraica,Precatecumenado,,/resucito/src/index.html?canto=seencontrarondosangeles.html,Se encontraron dos ángeles en el cielo, y uno le dijo al otro: ¿Qué haces aquí? Estoy buscando a los que aman al Señor. Y el otro le dijo: Yo también. Y se fueron juntos a buscar.
195,Señor, ayúdame a no dudar de ti,(Kiko Argüello),Precatecumenado,Ordinario,/resucito/src/index.html?canto=senorayudameanodudardeti.html,Señor, ayúdame a no dudar de ti, a confiar en tu amor, en tu misericordia. Señor, aumenta mi fe, mi esperanza, mi caridad.
196,Señor, no me corrijas en tu cólera,Salmo 6,Precatecumenado,"Niños,Paz",/resucito/src/index.html?canto=senornomecorrijasentucolera.html,Señor, no me corrijas en tu cólera, ni me castigues en tu furor. Ten piedad de mí, Señor, que estoy sin fuerzas; sáname, Señor, que mis huesos tiemblan.
197,Señor, tú me escrutas y conoces,Sal 139 (138),Catecumenado,"Pentecostés,Entrada",/resucito/src/index.html?canto=senortumeescrutasyconoces.html,Señor, tú me escrutas y conoces; tú sabes cuándo me siento y cuándo me levanto; de lejos penetras mis pensamientos. Si camino o si descanso, tú lo sabes; todas mis sendas te son familiares.
198,Sermón de la montaña,Lucas 6,20-38,Precatecumenado,,/resucito/src/index.html?canto=sermondelamontana.html,Sermón de la montaña. Bienaventurados vosotros los pobres, porque vuestro es el reino de Dios. Bienaventurados los que ahora tenéis hambre, porque seréis saciados. Bienaventurados los que ahora lloráis, porque reiréis.
199,Shemá Israel,Dt 6,4-9,Catecumenado,"Cuaresma,Laudes,Comunión",/resucito/src/index.html?canto=shemaisrael.html,Shemá Israel, Adonai Eloheinu, Adonai Ejad. Escucha, Israel, el Señor es nuestro Dios, el Señor es uno. Amarás al Señor tu Dios con todo tu corazón, y con toda tu alma, y con todas tus fuerzas.
200,Shlom lej Mariam,Ave María en arameo antiguo,Precatecumenado,"Laudes/Visperas,Antiguo Testamento",/resucito/src/index.html?canto=shlomlejmariam.html,Shlom lej Mariam, mliat taybuta. Maran amech. Mbarachta at b'neshe. Umbarach pri b'karsech Yeshua. Qadichta Mariam, Yemma d'Alaha, etpalali alain hata'e, hasha w'bsha'at mawtan. Amén.
201,Si el Señor no construye la casa,Sal 127 (126),Precatecumenado,Antiguo Testamento,/resucito/src/index.html?canto=sielsenornoconstruyelacasa.html,Si el Señor no construye la casa, en vano se fatigan los constructores. Si el Señor no guarda la ciudad, en vano vigila el centinela. Es inútil que madruguéis, que os acostéis tarde, que comáis el pan de vuestros sudores: ¡Dios lo da a sus amigos mientras duermen!
202,Si habéis resucitado con Cristo,Colosense 3,1-4,Precatecumenado,"Comunión,Nuevo Testamento",/resucito/src/index.html?canto=sihabeisresucitadoconcristo.html,Si habéis resucitado con Cristo, buscad las cosas de arriba, donde está Cristo sentado a la diestra de Dios. Poned la mira en las cosas de arriba, no en las de la tierra. Porque habéis muerto, y vuestra vida está escondida con Cristo en Dios.
203,Si hoy escucháis su voz,Sal 95 (94),Precatecumenado,"Pentecostés,Antiguo Testamento",/resucito/src/index.html?canto=sihoyescuchaissuvoz.html,Si hoy escucháis su voz, no endurezcáis vuestro corazón como en Meribá, como en el día de Masá en el desierto, donde me tentaron vuestros padres, me pusieron a prueba, aunque habían visto mis obras.
204,Si me he refugiado en el Señor,Sal 11(10),Precatecumenado,"Virgen,Final",/resucito/src/index.html?canto=simeherefugiadoenelsenor.html,Si me he refugiado en el Señor, ¿cómo decís a mi alma: Huye al monte como un pájaro? Porque he aquí, los impíos tensan el arco, disponen sus flechas sobre la cuerda, para asaetear en la oscuridad a los rectos de corazón.
205,Siéntate solitario y silencioso,Lamentaciones 3,Catecumenado,"Entrada,Antiguo Testamento",/resucito/src/index.html?canto=sientatesolitarioysilencioso.html,Siéntate solitario y silencioso, porque Dios te ha impuesto una carga. Pon tu boca en el polvo; quizás haya esperanza. Ofrece la mejilla al que te hiere; sáciate de oprobios.
206,Sión, madre de todos los pueblos,Sal 87 (86),Precatecumenado,"Adviento,Pascua",/resucito/src/index.html?canto=sionmadredetodoslospueblos.html,Sión, madre de todos los pueblos. El Señor ama las puertas de Sión más que todas las moradas de Jacob. Cosas gloriosas se dicen de ti, ciudad de Dios. Mencionaré a Rahab y a Babilonia entre los que me conocen; he aquí, Filistea y Tiro, con Etiopía; este nació allí.
207,Sola a Solo,(Kiko Argüello),Precatecumenado,Antiguo Testamento,/resucito/src/index.html?canto=solaasolo.html,Sola a Solo. Solo con Dios, en la soledad del desierto. Solo con mi alma, en el silencio de la noche. Solo con mi corazón, en la oración. Solo a solo con mi Señor.
208,Stabat Mater dolorosa,Himno latin,Precatecumenado,"Cuaresma,Antiguo Testamento",/resucito/src/index.html?canto=stabatmaterdolorosa.html,Stabat Mater dolorosa iuxta Crucem lacrimosa, dum pendebat Filius. Cuius animam gementem, contristatam et dolentem pertransivit gladius.
209,Suba el Esposo al leño de su tálamo,Himno (San Quodvultdeus),Eleccion,"Cuaresma,Antiguo Testamento",/resucito/src/index.html?canto=subaelesposoallenodesutalamo.html,Suba el Esposo al leño de su tálamo, suba nuestro Esposo al lecho, al lecho de su tálamo. Duerma muriendo y se abra su costado y salga la Iglesia virgen. Herido en su costado al instante salió sangre y agua, sangre y agua. Agua con la que la esposa fue lavada, sangre que recibe como dote. Duerme Adán y es creada Eva, muere Cristo y es formada la Iglesia.
210,Sube Dios entre aclamaciones,Sal 47 (46),Precatecumenado,"Final,Antiguo Testamento",/resucito/src/index.html?canto=subediosentreaclamaciones.html,Sube Dios entre aclamaciones, el Señor al son de trompetas. Tocad para Dios, tocad; tocad para nuestro Rey, tocad.
211,Te Deum,Himno,Liturgia,Virgen,/resucito/src/index.html?canto=tedeum.html,Te Deum laudamus: te Dominum confitemur. Te aeternum Patrem omnis terra veneratur. Tibi omnes Angeli, tibi Caeli et universae Potestates.
212,Te estoy llamando, Señor,Sal 141 (140),Precatecumenado,"Cuaresma,Virgen",/resucito/src/index.html?canto=teestoyllamandosenor.html,Te estoy llamando, Señor, ven pronto a mí; escucha mi voz cuando te llamo. Suba mi oración como incienso ante ti; el alzar de mis manos como ofrenda de la tarde.
213,Te he manifestado mi pecado,Sal 32 (31),Precatecumenado,Pascua,/resucito/src/index.html?canto=tehemanifestadomipecado.html,Te he manifestado mi pecado, y no encubrí mi iniquidad. Dije: Confesaré mis rebeliones al Señor; y tú perdonaste la maldad de mi pecado. Por esto orará a ti todo santo en el tiempo en que puedas ser hallado.
214,Tú eres mi esperanza, Señor,Oda XXIX de Salomón,Catecumenado,"Pascua,Pentecostés,Paz",/resucito/src/index.html?canto=tueresmiesperanzasenor.html,Tú eres mi esperanza, Señor, mi refugio en la angustia. En ti confío, no seré defraudado. Tú eres mi fuerza, mi canto, mi salvación.
215,Tú has cubierto de vergüenza la muerte,Homilía Pascual (Melltón de Sardes),Precatecumenado,Laudes/Visperas,/resucito/src/index.html?canto=tuhascubiertodevergüenzalamuerte.html,Tú has cubierto de vergüenza la muerte, tú has destruido el imperio del infierno. Tú has resucitado de entre los muertos, y nos has dado la vida eterna. Aleluya.
216,Tú que eres fiel,Sal 143 (142),Precatecumenado,Antiguo Testamento,/resucito/src/index.html?canto=tuqueeresfiel.html,Tú que eres fiel, escucha mi oración, atiende a mi súplica. Por tu fidelidad, respóndeme, por tu justicia. No entres en juicio con tu siervo, porque no se justificará delante de ti ningún viviente.
217,Un retoño brota del tronco de Jesé,Isaías 11,1-11,Precatecumenado,"Cuaresma,Antiguo Testamento",/resucito/src/index.html?canto=unretonobrotadeltroncodejese.html,Un retoño brota del tronco de Jesé, un vástago de sus raíces florece. Sobre él reposará el espíritu del Señor: espíritu de sabiduría e inteligencia, espíritu de consejo y fortaleza, espíritu de conocimiento y temor del Señor.
218,Una gran señal,Apocalipsis 12,Precatecumenado,"Adviento,Cuaresma",/resucito/src/index.html?canto=unagransenal.html,Una gran señal apareció en el cielo: una mujer vestida del sol, con la luna debajo de sus pies, y sobre su cabeza una corona de doce estrellas. Y estaba encinta, y clamaba con dolores de parto, con angustia de dar a luz.
219,Urí, urí, urá,Villancico (Kiko Argüello),Precatecumenado,"Pascua,Virgen,Fracción del Pan",/resucito/src/index.html?canto=uriuriura.html,Urí, urí, urá, ha nacido el Mesías ya. Urí, urí, urá, la luz del mundo nos da. En Belén ha nacido, en un pesebre humilde, el Hijo de Dios, el Salvador.
220,Vamos ya, pastores,Villancico (Kiko Argüello),Precatecumenado,"Cuaresma,Entrada,Antiguo Testamento",/resucito/src/index.html?canto=vamosyapastores.html,Vamos ya, pastores, vamos a Belén, a ver al niño que ha nacido, el Mesías, el Rey. Vamos, vamos, vamos, con alegría y fe, a adorar al niño que ha nacido en Belén.
221,Ven del Líbano,Cantar de los cantares 4,8ss,Precatecumenado,"Navidad,Pentecostés,Comunión,Antiguo Testamento",/resucito/src/index.html?canto=vendellibano.html,Ven del Líbano, esposa mía; ven del Líbano, apresúrate. Mira desde la cumbre del Amana, desde la cumbre del Senir y del Hermón, desde las guaridas de los leones, desde los montes de los leopardos.
222,Ven, Espíritu Santo,Secuencia de Pentecostés - Himno latin. «Veni, Sancte Spiritus»,Precatecumenado,"Adviento,Pentecostés,Virgen,Nuevo Testamento",/resucito/src/index.html?canto=venespiritusanto.html,Ven, Espíritu Santo, y envía desde el cielo un rayo de tu luz. Ven, Padre de los pobres, ven, dador de las gracias, ven, luz de los corazones. Consolador óptimo, dulce huésped del alma, dulce refrigerio.
223,Ven, Hijo del Hombre,Apocalipsis 21,17ss,Precatecumenado,"Navidad,Niños",/resucito/src/index.html?canto=venhijodelhombre.html,Ven, Hijo del Hombre, y no tardes. Ven, Señor Jesús, y establece tu reino. Ven, y haz nuevas todas las cosas. Ven, y sé nuestro Salvador.
224,Veni Creator,Himno latin,Precatecumenado,"Navidad,Niños",/resucito/src/index.html?canto=venicreator.html,Veni Creator Spiritus, mentes tuorum visita, imple superna gratia, quae tu creasti pectora.
225,Viene el Señor,Salmo 93 (92) - Apocalipsis 1,5-7,Precatecumenado,"Entrada,Antiguo Testamento",/resucito/src/index.html?canto=vieneelsenor.html,Viene el Señor, viene con poder y gloria. Viene a juzgar al mundo con justicia y a los pueblos con equidad. Viene a establecer su reino, un reino de paz y justicia.
226,Virgen de la maravilla,(Dante Allghlerl),Precatecumenado,Pentecostés,/resucito/src/index.html?canto=virgendelamaravilla.html,Virgen de la maravilla, hija de tu Hijo, humilde y alta más que criatura, término fijo de consejo eterno. Tú eres aquella que ennobleció la naturaleza humana, tanto que su Hacedor no desdeñó hacerse su obra.
227,Vivid alegres,Filipenses 4,4ss,Precatecumenado,"Adviento,Final,Nuevo Testamento",/resucito/src/index.html?canto=vividalegres.html,Vivid alegres en el Señor siempre; otra vez os digo: ¡Alegraos! Vuestra gentileza sea conocida de todos los hombres. El Señor está cerca. Por nada estéis afanosos, sino sean conocidas vuestras peticiones delante de Dios en toda oración y ruego, con acción de gracias.
228,Vosotros sois la luz del mundo,Mateo 5,14ss ,Precatecumenado,Pentecostés,/resucito/src/index.html?canto=vosotrossoislaluzdelmundo.html,Vosotros sois la luz del mundo; una ciudad asentada sobre un monte no se puede esconder. Ni se enciende una luz y se pone debajo de un almud, sino sobre el candelero, y alumbra a todos los que están en casa.
229,Ya viene mi Dios,Villancico (Kiko Argüello),Precatecumenado,"Adviento,Pentecostés,Antiguo Testamento,Nuevo Testamento",/resucito/src/index.html?canto=yavienemidios.html,Ya viene mi Dios, ya viene el Señor. Ya viene a salvarnos, ya viene el amor. En Belén ha nacido, en un portal humilde, el Hijo de Dios, el Salvador.
230,Yahveh, tú eres mi Dios,Isaías 25,1-8,Precatecumenado,Virgen,/resucito/src/index.html?canto=yahvehtueresmidios.html,Yahveh, tú eres mi Dios; te exaltaré, alabaré tu nombre; porque has hecho maravillas, tus consejos antiguos son verdad y firmeza. Porque convertiste la ciudad en montón de escombros, la ciudad fortificada en ruina; el palacio de los extraños, en no-ciudad; nunca más será reedificado.
231,Yo te amo, Señor,Sal 18 (17),Precatecumenado,"Adviento,Niños,Nuevo Testamento",/resucito/src/index.html?canto=yoteamosenor.html,Yo te amo, Señor, fortaleza mía. Señor, roca mía y castillo mío, y mi libertador; Dios mío, fortaleza mía, en él confiaré; mi escudo, y la fuerza de mi salvación, mi alto refugio.
232,Yo vengo a reunir,Isaías 66,18-21,Precatecumenado,Nuevo Testamento,/resucito/src/index.html?canto=yovengoareunir.html,Yo vengo a reunir a todas las naciones y lenguas; y vendrán y verán mi gloria. Y pondré entre ellos una señal, y enviaré de los escapados de ellos a las naciones, a Tarsis, a Fut y Lud, que tensan arco, a Tubal y Javán, a las islas lejanas que no oyeron de mí, ni vieron mi gloria; y publicarán mi gloria entre las naciones.
233,Zaqueo,Lucas 19,1-10,Precatecumenado,"Navidad,Niños",/resucito/src/index.html?canto=zaqueo.html,Zaqueo. Habiendo entrado Jesús en Jericó, iba pasando por la ciudad. Y sucedió que un varón llamado Zaqueo, que era jefe de los publicanos, y rico, procuraba ver quién era Jesús; pero no podía a causa de la multitud, pues era pequeño de estatura.
234,Prountuario de Acordes,Notas,Precatecumenado,"Cuaresma,Laudes,Antiguo Testamento",/docs/ima/prontuario.png,Este es el prontuario de acordes, una guía visual para las notas musicales y sus posiciones en la guitarra.
235,Libro de Canto en PDF,Libro de Canto del Camino Neo Catecumenal,Precatecumenado,,/docs/resucito.pdf,Este es el libro de cantos en formato PDF, que contiene todos los cantos del Camino Neocatecumenal para su consulta y uso.
